Title,Link,Snippet
Hi. I got my bunny coco when she was 11 weeks old (according to ...,https://www.facebook.com/groups/petrabbitlovers/posts/3947418732167582/,"Jan 20, 2025 ... Hi. I got my bunny coco when she was 11 weeks old (according to ... Jay Jay ▻ Pet Rabbit Lovers. Jan 20󰞋󱟠. 󰟝. Hi. I got my bunny coco ..."
Bunny | hello!!! :) this post is a reminder that I am playing at Band on ...,https://www.instagram.com/p/C-FVlN1qooZ/,"Jul 31, 2024 ... ... am playing at Band on the Wall this saturday! with my lovely friends Max, Michael and Jay, and many dear Surprise Guests. it's going to be a ..."
Rescued Bunny Finds Forever Home,https://www.facebook.com/groups/houserabbit/posts/10162694419698809/,"Mar 30, 2025 ... C Jay Micheals ▻ House Rabbit Society. Mar 30󰞋󱟠. 󰟝 · He's here ... Hi--Thanks for helping this bunny--once he has settle in and been ..."
Bunny Baby Shower Guest Book Printable - Aspen Jay,https://aspenjay.com/bunny-baby-shower-guest-book/,"Hello! Today, I am thrilled to share with you my little Bunny Baby Shower Guest Book Printable. I designed him for the Bunny themed Baby Shower I hosted a ..."
r/Jellycatplush Authenticity Guide part one : r/Jellycatplush,https://www.reddit.com/r/Jellycatplush/comments/1cg25rl/rjellycatplush_authenticity_guide_part_one/,"Apr 29, 2024 ... ... am Smudge Bunny” instead of “I am Medium Smudge Bunny”. Sometimes ... Hi I am the second owner of this plushie. Could you please help ..."
"Spring Awakening | East Brunswick, NJ",https://www.eastbrunswick.org/867/Spring-Awakening,Bunny Gittleman - The Bees are Buzzing. Izzy Kriegsman - Spring is Here 1. Izzy Kriegsman - Spring is Here 1. Jay Nair - Hello SPRING! Jay Nair - Hello SPRING!
Phishing Scam? : r/graphic_design,https://www.reddit.com/r/graphic_design/comments/a74jw5/phishing_scam/,"Dec 17, 2018 ... Hello all, I was wondering if anyone else here has been getting ... rabbit hole of red flags. His email was georgefrededge@outlook.com ..."
Who Am I? - Jay's Essential Bike Rides,https://bestrides.org/who-am-i/,"... bunny-hill trails in our local city park. That led to an upgrade when ... Hello Jay, Just found your site while researching a bucket list trip that my ..."
Michigan J. Frog - Wikipedia,https://en.wikipedia.org/wiki/Michigan_J._Frog,"The frog's earliest name was ""Enrico"", as given in The Bugs Bunny Show (1960). The character's later, enduring name comes from the song ""The Michigan ..."
The Jaybird,https://hummingjay.tumblr.com/,I'm Jay and I do things. Hello. Good job getting here mostly intact. Keep ... hi adler adler adler signalis signalis signalis fanart jay art · 24 notes ...
